step_reward,fidelity,avg_fidelity,log_infidelity,state,U_accumulated,control_pulse_params
1.4823440599078965,0.979774814992395,0.9865165433282633,1.694107497037596,"[ 0.96891242  0.          0.          0.96891242 -0.24740396  0.
  0.          0.24740396]","[[0.96891242-0.24740396j 0.        +0.j        ]
 [0.        +0.j         0.96891242+0.24740396j]]","{'omega': 0.0, 'delta': 2.0}"
0.625740509125376,0.8535533905932737,0.9023689270621825,0.8343206788338348,[1. 0. 0. 1. 0. 0. 0. 0.],"[[1.+0.j 0.+0.j]
 [0.+0.j 1.+0.j]]","{'omega': 0.0, 'delta': -2.0}"
