step_reward,fidelity,avg_fidelity,log_infidelity,state,U_accumulated,control_pulse_params
0.7300305939796055,0.8535533905932737,0.9023689270621825,0.8343206788338348,[1. 0. 0. 1. 0. 0. 0. 0.],"[[1.+0.j 0.+0.j]
 [0.+0.j 1.+0.j]]","{'omega': 0.0, 'delta': 0.0}"
0.625740509125376,0.8535533905932737,0.9023689270621825,0.8343206788338348,[1. 0. 0. 1. 0. 0. 0. 0.],"[[1.+0.j 0.+0.j]
 [0.+0.j 1.+0.j]]","{'omega': 0.0, 'delta': 0.0}"
0.5214504242711467,0.8535533905932737,0.9023689270621825,0.8343206788338348,[1. 0. 0. 1. 0. 0. 0. 0.],"[[1.+0.j 0.+0.j]
 [0.+0.j 1.+0.j]]","{'omega': 0.0, 'delta': 0.0}"
0.4171603394169174,0.8535533905932737,0.9023689270621825,0.8343206788338348,[1. 0. 0. 1. 0. 0. 0. 0.],"[[1.+0.j 0.+0.j]
 [0.+0.j 1.+0.j]]","{'omega': 0.0, 'delta': 0.0}"
0.312870254562688,0.8535533905932737,0.9023689270621825,0.8343206788338348,[1. 0. 0. 1. 0. 0. 0. 0.],"[[1.+0.j 0.+0.j]
 [0.+0.j 1.+0.j]]","{'omega': 0.0, 'delta': 0.0}"
0.2085801697084587,0.8535533905932737,0.9023689270621825,0.8343206788338348,[1. 0. 0. 1. 0. 0. 0. 0.],"[[1.+0.j 0.+0.j]
 [0.+0.j 1.+0.j]]","{'omega': 0.0, 'delta': 0.0}"
0.10429008485422935,0.8535533905932737,0.9023689270621825,0.8343206788338348,[1. 0. 0. 1. 0. 0. 0. 0.],"[[1.+0.j 0.+0.j]
 [0.+0.j 1.+0.j]]","{'omega': 0.0, 'delta': 0.0}"
0.0,0.8535533905932737,0.9023689270621825,0.8343206788338348,[1. 0. 0. 1. 0. 0. 0. 0.],"[[1.+0.j 0.+0.j]
 [0.+0.j 1.+0.j]]","{'omega': 0.0, 'delta': 0.0}"
