step_reward,fidelity,avg_fidelity,log_infidelity,state,U_accumulated,control_pulse_params
0.04852485373962579,0.11987770146218497,0.41325180097479003,0.055456975702429474,"[ 9.38148335e-01  6.93889390e-18  0.00000000e+00  9.38148335e-01
  2.44824122e-01  2.44824122e-01  2.44824122e-01 -2.44824122e-01]","[[9.38148335e-01+0.24482412j 6.93889390e-18+0.24482412j]
 [0.00000000e+00+0.24482412j 9.38148335e-01-0.24482412j]]","{'omega': -2.0, 'delta': -2.0}"
0.1785699864408119,0.4220281526173128,0.6146854350782086,0.23809331525441588,"[ 7.60244597e-01  1.29821088e-17  1.06344766e-19  7.60244597e-01
  4.59362685e-01  4.59362685e-01  4.59362685e-01 -4.59362685e-01]","[[7.60244597e-01+0.45936268j 1.29821088e-17+0.45936268j]
 [1.06344766e-19+0.45936268j 7.60244597e-01-0.45936268j]]","{'omega': -2.0, 'delta': -2.0}"
0.3891459628449083,0.7615669471444281,0.8410446314296186,0.6226335405518533,"[ 4.88296071e-01  1.35399193e-17 -2.68680187e-18  4.88296071e-01
  6.17076554e-01  6.17076554e-01  6.17076554e-01 -6.17076554e-01]","[[ 4.88296071e-01+0.61707655j  1.35399193e-17+0.61707655j]
 [-2.68680187e-18+0.61707655j  4.88296071e-01-0.61707655j]]","{'omega': -2.0, 'delta': -2.0}"
0.8070321802781987,0.9756815640629241,0.9837877093752828,1.6140643605563973,"[ 1.55943695e-01  2.63575238e-18 -5.34729301e-18  1.55943695e-01
  6.98455999e-01  6.98455999e-01  6.98455999e-01 -6.98455999e-01]","[[ 1.55943695e-01+0.698456j  2.63575238e-18+0.698456j]
 [-5.34729301e-18+0.698456j  1.55943695e-01-0.698456j]]","{'omega': -2.0, 'delta': -2.0}"
0.23348757770694498,0.7615669471444281,0.8410446314296186,0.6226335405518533,"[ 4.88296071e-01  3.57758790e-18 -4.11188725e-17  4.88296071e-01
  6.17076554e-01  6.17076554e-01  6.17076554e-01 -6.17076554e-01]","[[ 4.88296071e-01+0.61707655j  3.57758790e-18+0.61707655j]
 [-4.11188725e-17+0.61707655j  4.88296071e-01-0.61707655j]]","{'omega': 2.0, 'delta': 2.0}"
0.40351609013909934,0.9756815640629241,0.9837877093752828,1.6140643605563973,"[ 1.55943695e-01 -6.71039221e-18 -1.36467005e-17  1.55943695e-01
  6.98455999e-01  6.98455999e-01  6.98455999e-01 -6.98455999e-01]","[[ 1.55943695e-01+0.698456j -6.71039221e-18+0.698456j]
 [-1.36467005e-17+0.698456j  1.55943695e-01-0.698456j]]","{'omega': -2.0, 'delta': -2.0}"
